<?xml version="1.0" encoding="UTF-8"?><CuicReport id="1">
  <id>BCBBDF60100001840000003439ED7AF1</id>
  <version>5</version>
  
  <partition>Default</partition>
  <name>Call Survey</name>
  <description>Call Survey</description>
  <CuicReportDefinition id="1" resolves-to="CuicReportDefinition">
  <id>BCBBA751100001840000002339ED7AF1</id>
  <version>3</version>
  
  <partition>Default</partition>
  <name>Call Survey</name>
  <description>Call Survey</description>
  <dataSourceId>BCB8F802100001840000002239ED7AF1</dataSourceId>
  <type>SQUERY</type>
  <statementText>SELECT 
Dateadd(DAY,0, (Datediff(DAY,0,dateTime))) as Date,
COUNT(CASE WHEN Q1 = 1 THEN 1 END) as 'Q1_YA',
COUNT(CASE WHEN Q1 = 2 THEN 1 END) as 'Q1_Tidak',
COUNT(CASE WHEN Q1 = null THEN 1 END) as 'Q1_NULL',
CONVERT(float(2),COUNT(CASE WHEN Q1 = 1 THEN 1 END)) / (COUNT(CASE WHEN Q1 = 1 THEN 1 END)+COUNT(CASE WHEN Q1 = 2 THEN 1 END)+COUNT(CASE WHEN Q1 = null THEN 1 END)) * 100 as 'Q1_YA%',
COUNT(CASE WHEN Q2 = 1 THEN 1 END) as 'Q2_YA',
COUNT(CASE WHEN Q2 = 2 THEN 1 END) as 'Q2_Tidak',
COUNT(CASE WHEN Q2 = null THEN 1 END) as 'Q2_NULL',
CONVERT(float(2),COUNT(CASE WHEN Q2 = 1 THEN 1 END)) / (COUNT(CASE WHEN Q2 = 1 THEN 1 END)+COUNT(CASE WHEN Q2 = 2 THEN 1 END)+COUNT(CASE WHEN Q2 = null THEN 1 END)) * 100 as 'Q2_YA%',
COUNT(CASE WHEN Q3 = 5 THEN 1 END) as '5',
COUNT(CASE WHEN Q3 = 4 THEN 1 END) as '4',
COUNT(CASE WHEN Q3 = 3 THEN 1 END) as '3',
COUNT(CASE WHEN Q3 = 2 THEN 1 END) as '2',
COUNT(CASE WHEN Q3 = 1 THEN 1 END) as '1',
COUNT(ANI) as 'TotalResponden'
FROM postcallsurvey 
GROUP BY Dateadd(DAY,0, (Datediff(DAY,0,dateTime)))</statementText>
  <historical>true</historical>
  <refreshRate>3600</refreshRate>
  
  <cisco>false</cisco>
  <fields id="4">
    <CuicReportDefinitionField id="5">
      <id>BCBBA753100001840000002F39ED7AF1</id>
      <version>2</version>
      <clause>COUNT(CASE WHEN Q3 = 3 THEN 1 END)</clause>
      <columnIndex>11</columnIndex>
      <dataType>DECIMAL</dataType>
      <name>'3'</name>
      <displayName>3 (Kurang Tidak Puas)</displayName>
      <description/>
      <filterField>false</filterField>
      <visible>true</visible>
      <availableInFilter>true</availableInFilter>
      <singleSelect>false</singleSelect>
      <available>true</available>
      <valueListId/>
      <calculatedField>false</calculatedField>
      <exportHHMMSS>false</exportHHMMSS>
      <formula/>
      <format>12346</format>
      <footerStyle>NONE</footerStyle>
      <defaultCustomFormula/>
      <group1CustomFormula/>
      <group2CustomFormula/>
      <group3CustomFormula/>
      <customStringFormat/>
      <drilldowns id="6"/>
      <parent class="com.cisco.ccbu.cuic.objectmodel.reportdefinition.CuicReportDefinitionImpl_$$_jvst7d_34" reference="1"/>
    </CuicReportDefinitionField>
    <CuicReportDefinitionField id="7">
      <id>BCBBA752100001840000002539ED7AF1</id>
      <version>2</version>
      <clause>CONVERT(float(2),COUNT(CASE WHEN Q2 = 1 THEN 1 END)) / (COUNT(CASE WHEN Q2 = 1 THEN 1 END)+COUNT(CASE WHEN Q2 = 2 THEN 1 END)+COUNT(CASE WHEN Q2 = null THEN 1 END))</clause>
      <columnIndex>8</columnIndex>
      <dataType>DECIMAL</dataType>
      <name>* 100 as 'Q2_YA%'</name>
      <displayName>%Ya (PUAS)</displayName>
      <description/>
      <filterField>false</filterField>
      <visible>true</visible>
      <availableInFilter>true</availableInFilter>
      <singleSelect>false</singleSelect>
      <available>true</available>
      <valueListId/>
      <calculatedField>false</calculatedField>
      <exportHHMMSS>false</exportHHMMSS>
      <formula/>
      <format>12345.68</format>
      <footerStyle>NONE</footerStyle>
      <defaultCustomFormula/>
      <group1CustomFormula/>
      <group2CustomFormula/>
      <group3CustomFormula/>
      <customStringFormat/>
      <drilldowns id="8"/>
      <parent class="com.cisco.ccbu.cuic.objectmodel.reportdefinition.CuicReportDefinitionImpl_$$_jvst7d_34" reference="1"/>
    </CuicReportDefinitionField>
    <CuicReportDefinitionField id="9">
      <id>BCBBA753100001840000002C39ED7AF1</id>
      <version>2</version>
      <clause>COUNT(CASE WHEN Q2 = 2 THEN 1 END)</clause>
      <columnIndex>6</columnIndex>
      <dataType>DECIMAL</dataType>
      <name>'Q2_Tidak'</name>
      <displayName>Tidak</displayName>
      <description/>
      <filterField>false</filterField>
      <visible>true</visible>
      <availableInFilter>true</availableInFilter>
      <singleSelect>false</singleSelect>
      <available>true</available>
      <valueListId/>
      <calculatedField>false</calculatedField>
      <exportHHMMSS>false</exportHHMMSS>
      <formula/>
      <format>12346</format>
      <footerStyle>NONE</footerStyle>
      <defaultCustomFormula/>
      <group1CustomFormula/>
      <group2CustomFormula/>
      <group3CustomFormula/>
      <customStringFormat/>
      <drilldowns id="10"/>
      <parent class="com.cisco.ccbu.cuic.objectmodel.reportdefinition.CuicReportDefinitionImpl_$$_jvst7d_34" reference="1"/>
    </CuicReportDefinitionField>
    <CuicReportDefinitionField id="11">
      <id>BCBBA753100001840000002D39ED7AF1</id>
      <version>2</version>
      <clause>COUNT(CASE WHEN Q2 = null THEN 1 END)</clause>
      <columnIndex>7</columnIndex>
      <dataType>DECIMAL</dataType>
      <name>'Q2_NULL'</name>
      <displayName>Null</displayName>
      <description/>
      <filterField>false</filterField>
      <visible>true</visible>
      <availableInFilter>true</availableInFilter>
      <singleSelect>false</singleSelect>
      <available>true</available>
      <valueListId/>
      <calculatedField>false</calculatedField>
      <exportHHMMSS>false</exportHHMMSS>
      <formula/>
      <format>12346</format>
      <footerStyle>NONE</footerStyle>
      <defaultCustomFormula/>
      <group1CustomFormula/>
      <group2CustomFormula/>
      <group3CustomFormula/>
      <customStringFormat/>
      <drilldowns id="12"/>
      <parent class="com.cisco.ccbu.cuic.objectmodel.reportdefinition.CuicReportDefinitionImpl_$$_jvst7d_34" reference="1"/>
    </CuicReportDefinitionField>
    <CuicReportDefinitionField id="13">
      <id>BCBBA752100001840000002739ED7AF1</id>
      <version>2</version>
      <clause>COUNT(CASE WHEN Q1 = 1 THEN 1 END)</clause>
      <columnIndex>1</columnIndex>
      <dataType>DECIMAL</dataType>
      <name>'Q1_YA'</name>
      <displayName>Ya</displayName>
      <description/>
      <filterField>false</filterField>
      <visible>true</visible>
      <availableInFilter>true</availableInFilter>
      <singleSelect>false</singleSelect>
      <available>true</available>
      <valueListId/>
      <calculatedField>false</calculatedField>
      <exportHHMMSS>false</exportHHMMSS>
      <formula/>
      <format>12346</format>
      <footerStyle>NONE</footerStyle>
      <defaultCustomFormula/>
      <group1CustomFormula/>
      <group2CustomFormula/>
      <group3CustomFormula/>
      <customStringFormat/>
      <drilldowns id="14"/>
      <parent class="com.cisco.ccbu.cuic.objectmodel.reportdefinition.CuicReportDefinitionImpl_$$_jvst7d_34" reference="1"/>
    </CuicReportDefinitionField>
    <CuicReportDefinitionField id="15">
      <id>BCBBA753100001840000003039ED7AF1</id>
      <version>2</version>
      <clause>COUNT(ANI)</clause>
      <columnIndex>14</columnIndex>
      <dataType>DECIMAL</dataType>
      <name>'TotalResponden'</name>
      <displayName>'TotalResponden'</displayName>
      <description/>
      <filterField>false</filterField>
      <visible>true</visible>
      <availableInFilter>true</availableInFilter>
      <singleSelect>false</singleSelect>
      <available>true</available>
      <valueListId/>
      <calculatedField>false</calculatedField>
      <exportHHMMSS>false</exportHHMMSS>
      <formula/>
      <format>12346</format>
      <footerStyle>NONE</footerStyle>
      <defaultCustomFormula/>
      <group1CustomFormula/>
      <group2CustomFormula/>
      <group3CustomFormula/>
      <customStringFormat/>
      <drilldowns id="16"/>
      <parent class="com.cisco.ccbu.cuic.objectmodel.reportdefinition.CuicReportDefinitionImpl_$$_jvst7d_34" reference="1"/>
    </CuicReportDefinitionField>
    <CuicReportDefinitionField id="17">
      <id>BCBBA753100001840000003139ED7AF1</id>
      <version>2</version>
      <clause>COUNT(CASE WHEN Q3 = 2 THEN 1 END)</clause>
      <columnIndex>12</columnIndex>
      <dataType>DECIMAL</dataType>
      <name>'2'</name>
      <displayName>2 (Tidak Puas)</displayName>
      <description/>
      <filterField>false</filterField>
      <visible>true</visible>
      <availableInFilter>true</availableInFilter>
      <singleSelect>false</singleSelect>
      <available>true</available>
      <valueListId/>
      <calculatedField>false</calculatedField>
      <exportHHMMSS>false</exportHHMMSS>
      <formula/>
      <format>12346</format>
      <footerStyle>NONE</footerStyle>
      <defaultCustomFormula/>
      <group1CustomFormula/>
      <group2CustomFormula/>
      <group3CustomFormula/>
      <customStringFormat/>
      <drilldowns id="18"/>
      <parent class="com.cisco.ccbu.cuic.objectmodel.reportdefinition.CuicReportDefinitionImpl_$$_jvst7d_34" reference="1"/>
    </CuicReportDefinitionField>
    <CuicReportDefinitionField id="19">
      <id>BCBBA752100001840000002639ED7AF1</id>
      <version>2</version>
      <clause>COUNT(CASE WHEN Q3 = 5 THEN 1 END)</clause>
      <columnIndex>9</columnIndex>
      <dataType>DECIMAL</dataType>
      <name>'5'</name>
      <displayName>5 (Sangat Puas)</displayName>
      <description/>
      <filterField>false</filterField>
      <visible>true</visible>
      <availableInFilter>true</availableInFilter>
      <singleSelect>false</singleSelect>
      <available>true</available>
      <valueListId/>
      <calculatedField>false</calculatedField>
      <exportHHMMSS>false</exportHHMMSS>
      <formula/>
      <format>12346</format>
      <footerStyle>NONE</footerStyle>
      <defaultCustomFormula/>
      <group1CustomFormula/>
      <group2CustomFormula/>
      <group3CustomFormula/>
      <customStringFormat/>
      <drilldowns id="20"/>
      <parent class="com.cisco.ccbu.cuic.objectmodel.reportdefinition.CuicReportDefinitionImpl_$$_jvst7d_34" reference="1"/>
    </CuicReportDefinitionField>
    <CuicReportDefinitionField id="21">
      <id>BCBBA752100001840000002439ED7AF1</id>
      <version>2</version>
      <clause>COUNT(CASE WHEN Q3 = 1 THEN 1 END)</clause>
      <columnIndex>13</columnIndex>
      <dataType>DECIMAL</dataType>
      <name>'1'</name>
      <displayName>1 (Sangat Tidak Puas)</displayName>
      <description/>
      <filterField>false</filterField>
      <visible>true</visible>
      <availableInFilter>true</availableInFilter>
      <singleSelect>false</singleSelect>
      <available>true</available>
      <valueListId/>
      <calculatedField>false</calculatedField>
      <exportHHMMSS>false</exportHHMMSS>
      <formula/>
      <format>12346</format>
      <footerStyle>NONE</footerStyle>
      <defaultCustomFormula/>
      <group1CustomFormula/>
      <group2CustomFormula/>
      <group3CustomFormula/>
      <customStringFormat/>
      <drilldowns id="22"/>
      <parent class="com.cisco.ccbu.cuic.objectmodel.reportdefinition.CuicReportDefinitionImpl_$$_jvst7d_34" reference="1"/>
    </CuicReportDefinitionField>
    <CuicReportDefinitionField class="CuicReportDefinitionField" id="2">
    <id>BCBBA752100001840000002839ED7AF1</id>
    <version>2</version>
    <clause>Dateadd(DAY,0, (Datediff(DAY,0,dateTime)))</clause>
    <columnIndex>0</columnIndex>
    <dataType>DATETIME</dataType>
    <name>Date</name>
    <displayName>Date</displayName>
    <description/>
    <filterField>false</filterField>
    <visible>true</visible>
    <availableInFilter>true</availableInFilter>
    <singleSelect>false</singleSelect>
    <available>true</available>
    <valueListId/>
    <calculatedField>false</calculatedField>
    <exportHHMMSS>false</exportHHMMSS>
    <formula/>
    <format>DATE_LONG</format>
    <footerStyle>NONE</footerStyle>
    <defaultCustomFormula/>
    <group1CustomFormula/>
    <group2CustomFormula/>
    <group3CustomFormula/>
    <customStringFormat/>
    <drilldowns id="3"/>
    <parent class="com.cisco.ccbu.cuic.objectmodel.reportdefinition.CuicReportDefinitionImpl_$$_jvst7d_34" reference="1"/>
  </CuicReportDefinitionField>
    <CuicReportDefinitionField id="23">
      <id>BCBBA753100001840000002A39ED7AF1</id>
      <version>2</version>
      <clause>COUNT(CASE WHEN Q1 = null THEN 1 END)</clause>
      <columnIndex>3</columnIndex>
      <dataType>DECIMAL</dataType>
      <name>'Q1_NULL'</name>
      <displayName>Null</displayName>
      <description/>
      <filterField>false</filterField>
      <visible>true</visible>
      <availableInFilter>true</availableInFilter>
      <singleSelect>false</singleSelect>
      <available>true</available>
      <valueListId/>
      <calculatedField>false</calculatedField>
      <exportHHMMSS>false</exportHHMMSS>
      <formula/>
      <format>12346</format>
      <footerStyle>NONE</footerStyle>
      <defaultCustomFormula/>
      <group1CustomFormula/>
      <group2CustomFormula/>
      <group3CustomFormula/>
      <customStringFormat/>
      <drilldowns id="24"/>
      <parent class="com.cisco.ccbu.cuic.objectmodel.reportdefinition.CuicReportDefinitionImpl_$$_jvst7d_34" reference="1"/>
    </CuicReportDefinitionField>
    <CuicReportDefinitionField id="25">
      <id>BCBBA753100001840000002B39ED7AF1</id>
      <version>2</version>
      <clause>CONVERT(float(2),COUNT(CASE WHEN Q1 = 1 THEN 1 END)) / (COUNT(CASE WHEN Q1 = 1 THEN 1 END)+COUNT(CASE WHEN Q1 = 2 THEN 1 END)+COUNT(CASE WHEN Q1 = null THEN 1 END))</clause>
      <columnIndex>4</columnIndex>
      <dataType>DECIMAL</dataType>
      <name>* 100 as 'Q1_YA%'</name>
      <displayName>%Ya (PUAS)</displayName>
      <description/>
      <filterField>false</filterField>
      <visible>true</visible>
      <availableInFilter>true</availableInFilter>
      <singleSelect>false</singleSelect>
      <available>true</available>
      <valueListId/>
      <calculatedField>false</calculatedField>
      <exportHHMMSS>false</exportHHMMSS>
      <formula/>
      <format>12345.68</format>
      <footerStyle>NONE</footerStyle>
      <defaultCustomFormula/>
      <group1CustomFormula/>
      <group2CustomFormula/>
      <group3CustomFormula/>
      <customStringFormat/>
      <drilldowns id="26"/>
      <parent class="com.cisco.ccbu.cuic.objectmodel.reportdefinition.CuicReportDefinitionImpl_$$_jvst7d_34" reference="1"/>
    </CuicReportDefinitionField>
    <CuicReportDefinitionField id="27">
      <id>BCBBA753100001840000002939ED7AF1</id>
      <version>2</version>
      <clause>COUNT(CASE WHEN Q1 = 2 THEN 1 END)</clause>
      <columnIndex>2</columnIndex>
      <dataType>DECIMAL</dataType>
      <name>'Q1_Tidak'</name>
      <displayName>Tidak</displayName>
      <description/>
      <filterField>false</filterField>
      <visible>true</visible>
      <availableInFilter>true</availableInFilter>
      <singleSelect>false</singleSelect>
      <available>true</available>
      <valueListId/>
      <calculatedField>false</calculatedField>
      <exportHHMMSS>false</exportHHMMSS>
      <formula/>
      <format>12346</format>
      <footerStyle>NONE</footerStyle>
      <defaultCustomFormula/>
      <group1CustomFormula/>
      <group2CustomFormula/>
      <group3CustomFormula/>
      <customStringFormat/>
      <drilldowns id="28"/>
      <parent class="com.cisco.ccbu.cuic.objectmodel.reportdefinition.CuicReportDefinitionImpl_$$_jvst7d_34" reference="1"/>
    </CuicReportDefinitionField>
    <CuicReportDefinitionField id="29">
      <id>BCBBA753100001840000002E39ED7AF1</id>
      <version>2</version>
      <clause>COUNT(CASE WHEN Q2 = 1 THEN 1 END)</clause>
      <columnIndex>5</columnIndex>
      <dataType>DECIMAL</dataType>
      <name>'Q2_YA'</name>
      <displayName>Ya</displayName>
      <description/>
      <filterField>false</filterField>
      <visible>true</visible>
      <availableInFilter>true</availableInFilter>
      <singleSelect>false</singleSelect>
      <available>true</available>
      <valueListId/>
      <calculatedField>false</calculatedField>
      <exportHHMMSS>false</exportHHMMSS>
      <formula/>
      <format>12346</format>
      <footerStyle>NONE</footerStyle>
      <defaultCustomFormula/>
      <group1CustomFormula/>
      <group2CustomFormula/>
      <group3CustomFormula/>
      <customStringFormat/>
      <drilldowns id="30"/>
      <parent class="com.cisco.ccbu.cuic.objectmodel.reportdefinition.CuicReportDefinitionImpl_$$_jvst7d_34" reference="1"/>
    </CuicReportDefinitionField>
    <CuicReportDefinitionField id="31">
      <id>BCBBA753100001840000003239ED7AF1</id>
      <version>2</version>
      <clause>COUNT(CASE WHEN Q3 = 4 THEN 1 END)</clause>
      <columnIndex>10</columnIndex>
      <dataType>DECIMAL</dataType>
      <name>'4'</name>
      <displayName>4 (Puas)</displayName>
      <description/>
      <filterField>false</filterField>
      <visible>true</visible>
      <availableInFilter>true</availableInFilter>
      <singleSelect>false</singleSelect>
      <available>true</available>
      <valueListId/>
      <calculatedField>false</calculatedField>
      <exportHHMMSS>false</exportHHMMSS>
      <formula/>
      <format>12346</format>
      <footerStyle>NONE</footerStyle>
      <defaultCustomFormula/>
      <group1CustomFormula/>
      <group2CustomFormula/>
      <group3CustomFormula/>
      <customStringFormat/>
      <drilldowns id="32"/>
      <parent class="com.cisco.ccbu.cuic.objectmodel.reportdefinition.CuicReportDefinitionImpl_$$_jvst7d_34" reference="1"/>
    </CuicReportDefinitionField>
  </fields>
  <topicFields id="33"/>
  <parameters id="34"/>
  <removedFields class="linked-list" id="35"/>
  <removedParams class="linked-list" id="36"/>
  <removedTopics class="linked-list" id="37"/>
  <entityVersion/>
  <author/>
<historicalKeyId>BCBBA752100001840000002839ED7AF1</historicalKeyId></CuicReportDefinition>
  <cisco>false</cisco>
  <layout>0</layout>
  <bypass>false</bypass>
  <views id="2">
    <CuicGrid id="3">
      <id>A5224213D5C64C048EC167C81A438E55</id>
      <version>6</version>
      <parentRpt class="CuicReport" reference="1"/>
      <name>Call Survey</name>
      <description/>
      <enableUnauthenticatedAccess>false</enableUnauthenticatedAccess>
      <unauthVariablePermalink>false</unauthVariablePermalink>
      <position>1</position>
      <fontSize>10</fontSize>
      <numberOfGrps>0</numberOfGrps>
      <pageSize>0</pageSize>
      <verticalAllign>0</verticalAllign>
      <Grp1DateType>0</Grp1DateType>
      <Grp2DateType>0</Grp2DateType>
      <Grp3DateType>0</Grp3DateType>
      <grp1Sum>false</grp1Sum>
      <grp2Sum>false</grp2Sum>
      <grp3Sum>false</grp3Sum>
      <reportDefVersion>2</reportDefVersion>
      <gridFields id="4">
        <CuicGridField id="5">
          <id>FC9190476C87492881F7C5E5D4D35AE6</id>
          <version>6</version>
          <displayWidth>70</displayWidth>
          <parentGridview class="CuicGrid" reference="3"/>
          <repDefId>BCBBA752100001840000002839ED7AF1</repDefId>
          <visible>true</visible>
          <displayName>Date</displayName>
          <fieldPosition>0</fieldPosition>
          <thresholds id="11"/>
        </CuicGridField>
        <CuicGridField id="12">
          <id>41964E130C8C4BABAB00376CD295B2CF</id>
          <version>6</version>
          <displayWidth>70</displayWidth>
          <parentGridview class="CuicGrid" reference="3"/>
          <repDefId>BCBBA753100001840000002E39ED7AF1</repDefId>
          <visible>true</visible>
          <displayName>Ya</displayName>
          <fieldPosition>-1</fieldPosition>
          <thresholds id="15"/>
        </CuicGridField>
        <CuicGridField id="16">
          <id>36E6938B1CA74CBD8B89357647336EEA</id>
          <version>6</version>
          <displayWidth>70</displayWidth>
          <parentGridview class="CuicGrid" reference="3"/>
          <repDefId>BCBBA752100001840000002739ED7AF1</repDefId>
          <visible>true</visible>
          <displayName>Ya</displayName>
          <fieldPosition>-1</fieldPosition>
          <thresholds id="19"/>
        </CuicGridField>
        <CuicGridField id="20">
          <id>4F089156E4C34297AF7E7BEEEA192D06</id>
          <version>6</version>
          <displayWidth>70</displayWidth>
          <parentGridview class="CuicGrid" reference="3"/>
          <repDefId>BCBBA752100001840000002639ED7AF1</repDefId>
          <visible>true</visible>
          <displayName>5 (Sangat Puas)</displayName>
          <fieldPosition>-1</fieldPosition>
          <thresholds id="23"/>
        </CuicGridField>
        <CuicGridField id="24">
          <id>D4992DEC83BD40EF8E8DD32FCBA0C03C</id>
          <version>6</version>
          <displayWidth>70</displayWidth>
          <parentGridview class="CuicGrid" reference="3"/>
          <repDefId>BCBBA753100001840000002C39ED7AF1</repDefId>
          <visible>true</visible>
          <displayName>Tidak</displayName>
          <fieldPosition>-1</fieldPosition>
          <thresholds id="27"/>
        </CuicGridField>
        <CuicGridField id="28">
          <id>59826FC66EFA49BE98D1F874E6CDF33B</id>
          <version>6</version>
          <displayWidth>70</displayWidth>
          <parentGridview class="CuicGrid" reference="3"/>
          <repDefId>BCBBA753100001840000002A39ED7AF1</repDefId>
          <visible>true</visible>
          <displayName>Null</displayName>
          <fieldPosition>-1</fieldPosition>
          <thresholds id="31"/>
        </CuicGridField>
        <CuicGridField id="32">
          <id>6674DC72A5694ECC94898FBAEF8855F7</id>
          <version>6</version>
          <displayWidth>70</displayWidth>
          <parentGridview class="CuicGrid" reference="3"/>
          <repDefId>BCBBA752100001840000002539ED7AF1</repDefId>
          <visible>true</visible>
          <displayName>%Ya (PUAS)</displayName>
          <fieldPosition>-1</fieldPosition>
          <thresholds id="35"/>
        </CuicGridField>
        <CuicGridField id="36">
          <id>1FA7781E5E62490C8E4A373B5FC970BB</id>
          <version>6</version>
          <displayWidth>70</displayWidth>
          <parentGridview class="CuicGrid" reference="3"/>
          <repDefId>BCBBA752100001840000002439ED7AF1</repDefId>
          <visible>true</visible>
          <displayName>1 (Sangat Tidak Puas)</displayName>
          <fieldPosition>-1</fieldPosition>
          <thresholds id="39"/>
        </CuicGridField>
        <CuicGridField id="40">
          <id>3DCC109BE37D428EA6D905C25370485D</id>
          <version>6</version>
          <displayWidth>70</displayWidth>
          <parentGridview class="CuicGrid" reference="3"/>
          <repDefId>BCBBA753100001840000002939ED7AF1</repDefId>
          <visible>true</visible>
          <displayName>Tidak</displayName>
          <fieldPosition>-1</fieldPosition>
          <thresholds id="43"/>
        </CuicGridField>
        <CuicGridField id="44">
          <id>2C45AFC828E741F1B596DCFFB58F1520</id>
          <version>6</version>
          <displayWidth>70</displayWidth>
          <parentGridview class="CuicGrid" reference="3"/>
          <repDefId>BCBBA753100001840000003039ED7AF1</repDefId>
          <visible>true</visible>
          <displayName>'TotalResponden'</displayName>
          <fieldPosition>4</fieldPosition>
          <thresholds id="47"/>
        </CuicGridField>
        <CuicGridField id="48">
          <id>822C85997EB540F4BE3BB4E8248B2924</id>
          <version>6</version>
          <displayWidth>70</displayWidth>
          <parentGridview class="CuicGrid" reference="3"/>
          <repDefId>BCBBA753100001840000002B39ED7AF1</repDefId>
          <visible>true</visible>
          <displayName>%Ya (PUAS)</displayName>
          <fieldPosition>-1</fieldPosition>
          <thresholds id="51"/>
        </CuicGridField>
        <CuicGridField id="52">
          <id>7800C780FAB3441A951092B072EC3FE2</id>
          <version>6</version>
          <displayWidth>70</displayWidth>
          <parentGridview class="CuicGrid" reference="3"/>
          <repDefId>BCBBA753100001840000002F39ED7AF1</repDefId>
          <visible>true</visible>
          <displayName>3 (Kurang Tidak Puas)</displayName>
          <fieldPosition>-1</fieldPosition>
          <thresholds id="55"/>
        </CuicGridField>
        <CuicGridField id="56">
          <id>9142E92C2A974111A51E71183C30ADC0</id>
          <version>6</version>
          <displayWidth>70</displayWidth>
          <parentGridview class="CuicGrid" reference="3"/>
          <repDefId>BCBBA753100001840000003239ED7AF1</repDefId>
          <visible>true</visible>
          <displayName>4 (Puas)</displayName>
          <fieldPosition>-1</fieldPosition>
          <thresholds id="59"/>
        </CuicGridField>
        <CuicGridField id="60">
          <id>6B7D91ED1A324FE9825498C1444C8E73</id>
          <version>6</version>
          <displayWidth>70</displayWidth>
          <parentGridview class="CuicGrid" reference="3"/>
          <repDefId>BCBBA753100001840000002D39ED7AF1</repDefId>
          <visible>true</visible>
          <displayName>Null</displayName>
          <fieldPosition>-1</fieldPosition>
          <thresholds id="63"/>
        </CuicGridField>
        <CuicGridField id="64">
          <id>E2256A4C7A8B42748C4D94C3C5BC22CC</id>
          <version>6</version>
          <displayWidth>70</displayWidth>
          <parentGridview class="CuicGrid" reference="3"/>
          <repDefId>BCBBA753100001840000003139ED7AF1</repDefId>
          <visible>true</visible>
          <displayName>2 (Tidak Puas)</displayName>
          <fieldPosition>-1</fieldPosition>
          <thresholds id="67"/>
        </CuicGridField>
      </gridFields>
      <supHeaders id="68">
        <CuicSuperHeader id="69">
          <id>F9AABB7D67504841803459E63336C7EB</id>
          <version>3</version>
          <subHeaders id="70">
            <CuicSubHeader id="71">
              <id>BCC00A38100001840000006539ED7AF1</id>
              <version>0</version>
              <gridFieldId>6674DC72A5694ECC94898FBAEF8855F7</gridFieldId>
              <position>3</position>
              <superHeader class="CuicSuperHeader" reference="69"/>
            </CuicSubHeader>
            <CuicSubHeader id="72">
              <id>BCC00A38100001840000006739ED7AF1</id>
              <version>0</version>
              <gridFieldId>D4992DEC83BD40EF8E8DD32FCBA0C03C</gridFieldId>
              <position>1</position>
              <superHeader class="CuicSuperHeader" reference="69"/>
            </CuicSubHeader>
            <CuicSubHeader id="73">
              <id>BCC00A38100001840000006839ED7AF1</id>
              <version>0</version>
              <gridFieldId>6B7D91ED1A324FE9825498C1444C8E73</gridFieldId>
              <position>2</position>
              <superHeader class="CuicSuperHeader" reference="69"/>
            </CuicSubHeader>
            <CuicSubHeader id="74">
              <id>BCC00A38100001840000006639ED7AF1</id>
              <version>0</version>
              <gridFieldId>41964E130C8C4BABAB00376CD295B2CF</gridFieldId>
              <position>0</position>
              <superHeader class="CuicSuperHeader" reference="69"/>
            </CuicSubHeader>
          </subHeaders>
          <gridView class="CuicGrid" reference="3"/>
          <displayName>Apakah kebutuhan anda terpenuhi dengan baik ?</displayName>
          <position>2</position>
        </CuicSuperHeader>
        <CuicSuperHeader id="75">
          <id>C3ACDAD221C94C3F8DFC02AB8E6A7C6C</id>
          <version>3</version>
          <subHeaders id="76">
            <CuicSubHeader id="77">
              <id>BCC00A38100001840000006A39ED7AF1</id>
              <version>0</version>
              <gridFieldId>4F089156E4C34297AF7E7BEEEA192D06</gridFieldId>
              <position>4</position>
              <superHeader class="CuicSuperHeader" reference="75"/>
            </CuicSubHeader>
            <CuicSubHeader id="78">
              <id>BCC00A38100001840000006D39ED7AF1</id>
              <version>0</version>
              <gridFieldId>9142E92C2A974111A51E71183C30ADC0</gridFieldId>
              <position>3</position>
              <superHeader class="CuicSuperHeader" reference="75"/>
            </CuicSubHeader>
            <CuicSubHeader id="79">
              <id>BCC00A38100001840000006C39ED7AF1</id>
              <version>0</version>
              <gridFieldId>7800C780FAB3441A951092B072EC3FE2</gridFieldId>
              <position>2</position>
              <superHeader class="CuicSuperHeader" reference="75"/>
            </CuicSubHeader>
            <CuicSubHeader id="80">
              <id>BCC00A38100001840000006939ED7AF1</id>
              <version>0</version>
              <gridFieldId>E2256A4C7A8B42748C4D94C3C5BC22CC</gridFieldId>
              <position>1</position>
              <superHeader class="CuicSuperHeader" reference="75"/>
            </CuicSubHeader>
            <CuicSubHeader id="81">
              <id>BCC00A38100001840000006B39ED7AF1</id>
              <version>0</version>
              <gridFieldId>1FA7781E5E62490C8E4A373B5FC970BB</gridFieldId>
              <position>0</position>
              <superHeader class="CuicSuperHeader" reference="75"/>
            </CuicSubHeader>
          </subHeaders>
          <gridView class="CuicGrid" reference="3"/>
          <displayName>Tingkat kepuasan  anda terhadap pelayanan staff</displayName>
          <position>3</position>
        </CuicSuperHeader>
        <CuicSuperHeader id="82">
          <id>255C04C9660B4F7EAD5AFCB7E9AE9E86</id>
          <version>3</version>
          <subHeaders id="83">
            <CuicSubHeader id="84">
              <id>BCC00A38100001840000007139ED7AF1</id>
              <version>0</version>
              <gridFieldId>59826FC66EFA49BE98D1F874E6CDF33B</gridFieldId>
              <position>2</position>
              <superHeader class="CuicSuperHeader" reference="82"/>
            </CuicSubHeader>
            <CuicSubHeader id="85">
              <id>BCC00A38100001840000006F39ED7AF1</id>
              <version>0</version>
              <gridFieldId>822C85997EB540F4BE3BB4E8248B2924</gridFieldId>
              <position>3</position>
              <superHeader class="CuicSuperHeader" reference="82"/>
            </CuicSubHeader>
            <CuicSubHeader id="86">
              <id>BCC00A38100001840000006E39ED7AF1</id>
              <version>0</version>
              <gridFieldId>3DCC109BE37D428EA6D905C25370485D</gridFieldId>
              <position>1</position>
              <superHeader class="CuicSuperHeader" reference="82"/>
            </CuicSubHeader>
            <CuicSubHeader id="87">
              <id>BCC00A38100001840000007039ED7AF1</id>
              <version>0</version>
              <gridFieldId>36E6938B1CA74CBD8B89357647336EEA</gridFieldId>
              <position>0</position>
              <superHeader class="CuicSuperHeader" reference="82"/>
            </CuicSubHeader>
          </subHeaders>
          <gridView class="CuicGrid" reference="3"/>
          <displayName>Apakah staff kami berbicara dengan ramah ?</displayName>
          <position>1</position>
        </CuicSuperHeader>
      </supHeaders>
      <showSummaryOnly>false</showSummaryOnly>
      <groupsExpanded id="88">
        <grp1Expanded>true</grp1Expanded>
        <grp2Expanded>true</grp2Expanded>
        <grp3Expanded>true</grp3Expanded>
      </groupsExpanded>
    </CuicGrid>
  </views>
</CuicReport>